bank_name,LEI,bank_country,vasicek_class,pd_pct,lgd_pct,vintage_date,status,source,source_period,source_table,source_page,source_url
Deutsche Bank,7LTWFZYICNSX8D621K86,DE,corporate,4.12,30.86,2024-12-31,pillar3_verified,Deutsche Bank Pillar 3 Report Q4 2024,2024-12-31,EU CR6 - AIRB approach - Corporates non-SME Sub-total,110,https://investor-relations.db.com/files/documents/regulatory-reporting/Pillar-3-Report-Q4-2024.pdf
Deutsche Bank,7LTWFZYICNSX8D621K86,DE,sme_corporate,6.77,33.03,2024-12-31,pillar3_verified,Deutsche Bank Pillar 3 Report Q4 2024,2024-12-31,EU CR6 - AIRB approach - Corporates SMEs Sub-total,109,https://investor-relations.db.com/files/documents/regulatory-reporting/Pillar-3-Report-Q4-2024.pdf
Deutsche Bank,7LTWFZYICNSX8D621K86,DE,mortgage,2.63,20.03,2024-12-31,pillar3_verified,Deutsche Bank Pillar 3 Report Q4 2024,2024-12-31,EU CR6 - AIRB - Retail secured by real estate non-SME Sub-total,112,https://investor-relations.db.com/files/documents/regulatory-reporting/Pillar-3-Report-Q4-2024.pdf
Deutsche Bank,7LTWFZYICNSX8D621K86,DE,qrre,2.66,57.60,2024-12-31,pillar3_verified,Deutsche Bank Pillar 3 Report Q4 2024,2024-12-31,EU CR6 - AIRB - Retail Qualifying Revolving Sub-total,112,https://investor-relations.db.com/files/documents/regulatory-reporting/Pillar-3-Report-Q4-2024.pdf
Deutsche Bank,7LTWFZYICNSX8D621K86,DE,other_retail,9.50,58.41,2024-12-31,pillar3_verified,Deutsche Bank Pillar 3 Report Q4 2024,2024-12-31,EU CR6 - AIRB - Other Retail non-SME Sub-total,113,https://investor-relations.db.com/files/documents/regulatory-reporting/Pillar-3-Report-Q4-2024.pdf
Deutsche Bank,7LTWFZYICNSX8D621K86,DE,bank,0.19,48.15,2024-12-31,pillar3_verified,Deutsche Bank Pillar 3 Report Q4 2024,2024-12-31,EU CR6 - AIRB - Institutions Sub-total,108,https://investor-relations.db.com/files/documents/regulatory-reporting/Pillar-3-Report-Q4-2024.pdf
Deutsche Bank,7LTWFZYICNSX8D621K86,DE,sovereign,0.31,66.37,2024-12-31,pillar3_verified,Deutsche Bank Pillar 3 Report Q4 2024,2024-12-31,EU CR6 - AIRB - Central governments Sub-total,108,https://investor-relations.db.com/files/documents/regulatory-reporting/Pillar-3-Report-Q4-2024.pdf
ING Groep,549300NYKK9MWM7GGW15,NL,corporate,1.81,14.43,2024-12-31,pillar3_verified,ING Group Additional Pillar III Report 2024,2024-12-31,EU CR6 - IRB - Corporates-Other Subtotal,48,https://ing.com/binaries/content/assets/documents/annual-reports/2024-ing-groep-nv-additional-pillar-iii-report.pdf
ING Groep,549300NYKK9MWM7GGW15,NL,sme_corporate,6.12,27.39,2024-12-31,pillar3_verified,ING Group Additional Pillar III Report 2024,2024-12-31,EU CR6 - IRB - Corporates-SME Subtotal,47,https://ing.com/binaries/content/assets/documents/annual-reports/2024-ing-groep-nv-additional-pillar-iii-report.pdf
ING Groep,549300NYKK9MWM7GGW15,NL,mortgage,1.46,22.61,2024-12-31,pillar3_verified,ING Group Additional Pillar III Report 2024,2024-12-31,EU CR6 - IRB - Retail Secured by immovable property Subtotal,50,https://ing.com/binaries/content/assets/documents/annual-reports/2024-ing-groep-nv-additional-pillar-iii-report.pdf
ING Groep,549300NYKK9MWM7GGW15,NL,qrre,3.75,22.50,2024-12-31,pillar3_verified,ING Group Additional Pillar III Report 2024,2024-12-31,EU CR6 - IRB - Retail SRE SME Subtotal (proxy for QRRE),49,https://ing.com/binaries/content/assets/documents/annual-reports/2024-ing-groep-nv-additional-pillar-iii-report.pdf
ING Groep,549300NYKK9MWM7GGW15,NL,other_retail,6.39,39.90,2024-12-31,pillar3_verified,ING Group Additional Pillar III Report 2024,2024-12-31,EU CR6 - IRB - Other Retail Subtotal,51,https://ing.com/binaries/content/assets/documents/annual-reports/2024-ing-groep-nv-additional-pillar-iii-report.pdf
ING Groep,549300NYKK9MWM7GGW15,NL,bank,0.39,19.79,2024-12-31,pillar3_verified,ING Group Additional Pillar III Report 2024,2024-12-31,EU CR6 - IRB - Institutions Subtotal,45,https://ing.com/binaries/content/assets/documents/annual-reports/2024-ing-groep-nv-additional-pillar-iii-report.pdf
ING Groep,549300NYKK9MWM7GGW15,NL,sovereign,0.10,15.00,2024-12-31,pillar3_verified,ING Group Additional Pillar III Report 2024,2024-12-31,EU CR6 - IRB - Central Governments Subtotal,44,https://ing.com/binaries/content/assets/documents/annual-reports/2024-ing-groep-nv-additional-pillar-iii-report.pdf
Societe Generale,O2RNE8IBXP4R0TD8PU41,FR,corporate,2.39,30.18,2024-12-31,pillar3_verified,Societe Generale Pillar 3 Report 31.12.2024,2024-12-31,Table 58 EU CR6 - AIRB - Corporates Other Subtotal,135,https://www.societegenerale.com/sites/default/files/documents/2025-03/pillar-3-31122024.pdf
Societe Generale,O2RNE8IBXP4R0TD8PU41,FR,sme_corporate,3.57,19.06,2024-12-31,pillar3_verified,Societe Generale Pillar 3 Report 31.12.2024,2024-12-31,Table 58 EU CR6 - AIRB - Corporates SMEs Subtotal,135,https://www.societegenerale.com/sites/default/files/documents/2025-03/pillar-3-31122024.pdf
Societe Generale,O2RNE8IBXP4R0TD8PU41,FR,mortgage,1.18,16.37,2024-12-31,pillar3_verified,Societe Generale Pillar 3 Report 31.12.2024,2024-12-31,Table 58 EU CR6 - AIRB - Retail Mortgages Subtotal,136,https://www.societegenerale.com/sites/default/files/documents/2025-03/pillar-3-31122024.pdf
Societe Generale,O2RNE8IBXP4R0TD8PU41,FR,qrre,7.89,48.48,2024-12-31,pillar3_verified,Societe Generale Pillar 3 Report 31.12.2024,2024-12-31,Table 58 EU CR6 - AIRB - Retail QRRE Subtotal,136,https://www.societegenerale.com/sites/default/files/documents/2025-03/pillar-3-31122024.pdf
Societe Generale,O2RNE8IBXP4R0TD8PU41,FR,other_retail,8.06,31.89,2024-12-31,pillar3_verified,Societe Generale Pillar 3 Report 31.12.2024,2024-12-31,Table 58 EU CR6 - AIRB - Other Retail non-SMEs Subtotal,137,https://www.societegenerale.com/sites/default/files/documents/2025-03/pillar-3-31122024.pdf
Societe Generale,O2RNE8IBXP4R0TD8PU41,FR,bank,0.36,22.68,2024-12-31,pillar3_verified,Societe Generale Pillar 3 Report 31.12.2024,2024-12-31,Table 58 EU CR6 - AIRB - Institutions Subtotal,134,https://www.societegenerale.com/sites/default/files/documents/2025-03/pillar-3-31122024.pdf
Societe Generale,O2RNE8IBXP4R0TD8PU41,FR,sovereign,0.09,1.54,2024-12-31,pillar3_verified,Societe Generale Pillar 3 Report 31.12.2024,2024-12-31,Table 58 EU CR6 - AIRB - Central governments Subtotal,134,https://www.societegenerale.com/sites/default/files/documents/2025-03/pillar-3-31122024.pdf
Coöperatieve Rabobank,DG3RU1DBUFHT4ZF9WN62,NL,corporate,9.98,22.20,2024-12-31,pillar3_verified,Rabobank Pillar 3 Report 2024,2024-12-31,EU CR6 - AIRB - Corporates Other Subtotal,78,https://a.storyblok.com/f/329380/x/0bfc34783d/rabobank_pillar_3-_report-2024.pdf
Coöperatieve Rabobank,DG3RU1DBUFHT4ZF9WN62,NL,sme_corporate,5.05,12.82,2024-12-31,pillar3_verified,Rabobank Pillar 3 Report 2024,2024-12-31,EU CR6 - AIRB - Corporates SME Subtotal,76,https://a.storyblok.com/f/329380/x/0bfc34783d/rabobank_pillar_3-_report-2024.pdf
Coöperatieve Rabobank,DG3RU1DBUFHT4ZF9WN62,NL,mortgage,1.50,15.00,2024-12-31,pillar3_verified,Rabobank Pillar 3 Report 2024,2024-12-31,EU CR6 - AIRB - Retail SRE non-SME Subtotal (extracted estimate),80,https://a.storyblok.com/f/329380/x/0bfc34783d/rabobank_pillar_3-_report-2024.pdf
Coöperatieve Rabobank,DG3RU1DBUFHT4ZF9WN62,NL,qrre,2.90,15.37,2024-12-31,pillar3_verified,Rabobank Pillar 3 Report 2024,2024-12-31,EU CR6 - AIRB - Retail SRE SME Subtotal (QRRE proxy - Rabobank has limited QRRE),79,https://a.storyblok.com/f/329380/x/0bfc34783d/rabobank_pillar_3-_report-2024.pdf
Coöperatieve Rabobank,DG3RU1DBUFHT4ZF9WN62,NL,other_retail,5.38,36.34,2024-12-31,pillar3_verified,Rabobank Pillar 3 Report 2024,2024-12-31,EU CR6 - AIRB - Retail Other non-SME Subtotal,82,https://a.storyblok.com/f/329380/x/0bfc34783d/rabobank_pillar_3-_report-2024.pdf
Coöperatieve Rabobank,DG3RU1DBUFHT4ZF9WN62,NL,bank,2.23,10.65,2024-12-31,pillar3_verified,Rabobank Pillar 3 Report 2024,2024-12-31,EU CR6 - AIRB - Institutions Subtotal,76,https://a.storyblok.com/f/329380/x/0bfc34783d/rabobank_pillar_3-_report-2024.pdf
Coöperatieve Rabobank,DG3RU1DBUFHT4ZF9WN62,NL,sovereign,0.05,26.55,2024-12-31,pillar3_verified,Rabobank Pillar 3 Report 2024,2024-12-31,EU CR6 - AIRB - Central Governments Subtotal,75,https://a.storyblok.com/f/329380/x/0bfc34783d/rabobank_pillar_3-_report-2024.pdf
UniCredit,549300TRUWO2CD2G5692,IT,corporate,2.42,38.42,2024-12-31,pillar3_verified,UniCredit Group Pillar 3 Disclosure as at 31.12.2024,2024-12-31,EU CR6 - AIRB - Corporates Other Sub-total,37,https://www.unicreditgroup.eu/content/dam/unicreditgroup-eu/documents/en/investors/third-pillar-basel/2024/UniCredit-Group-Disclosure-Pillar-III-as-at-31-December-2024.pdf
UniCredit,549300TRUWO2CD2G5692,IT,sme_corporate,3.93,14.08,2024-12-31,pillar3_verified,UniCredit Group Pillar 3 Disclosure as at 31.12.2024,2024-12-31,EU CR6 - AIRB - Corporates SMEs Sub-total,36,https://www.unicreditgroup.eu/content/dam/unicreditgroup-eu/documents/en/investors/third-pillar-basel/2024/UniCredit-Group-Disclosure-Pillar-III-as-at-31-December-2024.pdf
UniCredit,549300TRUWO2CD2G5692,IT,mortgage,1.41,14.07,2024-12-31,pillar3_verified,UniCredit Group Pillar 3 Disclosure as at 31.12.2024,2024-12-31,EU CR6 - AIRB - Retail Secured by Real Estate Sub-total,37,https://www.unicreditgroup.eu/content/dam/unicreditgroup-eu/documents/en/investors/third-pillar-basel/2024/UniCredit-Group-Disclosure-Pillar-III-as-at-31-December-2024.pdf
UniCredit,549300TRUWO2CD2G5692,IT,qrre,2.97,54.10,2024-12-31,pillar3_verified,UniCredit Group Pillar 3 Disclosure as at 31.12.2024,2024-12-31,EU CR6 - AIRB - Retail QRRE Sub-total,37,https://www.unicreditgroup.eu/content/dam/unicreditgroup-eu/documents/en/investors/third-pillar-basel/2024/UniCredit-Group-Disclosure-Pillar-III-as-at-31-December-2024.pdf
UniCredit,549300TRUWO2CD2G5692,IT,other_retail,5.68,25.87,2024-12-31,pillar3_verified,UniCredit Group Pillar 3 Disclosure as at 31.12.2024,2024-12-31,EU CR6 - AIRB - Other Retail Sub-total,38,https://www.unicreditgroup.eu/content/dam/unicreditgroup-eu/documents/en/investors/third-pillar-basel/2024/UniCredit-Group-Disclosure-Pillar-III-as-at-31-December-2024.pdf
UniCredit,549300TRUWO2CD2G5692,IT,bank,2.74,34.12,2024-12-31,pillar3_verified,UniCredit Group Pillar 3 Disclosure as at 31.12.2024,2024-12-31,EU CR6 - AIRB - Institutions Sub-total,36,https://www.unicreditgroup.eu/content/dam/unicreditgroup-eu/documents/en/investors/third-pillar-basel/2024/UniCredit-Group-Disclosure-Pillar-III-as-at-31-December-2024.pdf
UniCredit,549300TRUWO2CD2G5692,IT,sovereign,0.06,8.25,2024-12-31,pillar3_verified,UniCredit Group Pillar 3 Disclosure as at 31.12.2024,2024-12-31,EU CR6 - AIRB - Central governments Sub-total,36,https://www.unicreditgroup.eu/content/dam/unicreditgroup-eu/documents/en/investors/third-pillar-basel/2024/UniCredit-Group-Disclosure-Pillar-III-as-at-31-December-2024.pdf
Groupe Crédit Agricole,FR969500TJ5KRTCJQWXH,FR,corporate,1.52,36.92,2024-12-31,pillar3_verified,CA Group Risk Report Pillar 3 (Comparative 31.12.2024 in H1 2025 Report),2024-12-31,EU CR6 AIRB Corporates Other Sub-total - 31.12.2024 comparative column,41,https://www.credit-agricole.com/en/pdfPreview/207696
Groupe Crédit Agricole,FR969500TJ5KRTCJQWXH,FR,sme_corporate,3.08,13.95,2024-12-31,pillar3_verified,CA Group Risk Report Pillar 3 (Comparative 31.12.2024 in H1 2025 Report),2024-12-31,EU CR6 AIRB Corporates SMEs Sub-total - 31.12.2024 comparative,40,https://www.credit-agricole.com/en/pdfPreview/207696
Groupe Crédit Agricole,FR969500TJ5KRTCJQWXH,FR,mortgage,1.54,10.87,2024-12-31,pillar3_verified,CA Group Risk Report Pillar 3 (Comparative 31.12.2024 in H1 2025 Report),2024-12-31,EU CR6 AIRB Retail Secured by immovable property Sub-total - 31.12.2024 comparative,41,https://www.credit-agricole.com/en/pdfPreview/207696
Groupe Crédit Agricole,FR969500TJ5KRTCJQWXH,FR,qrre,5.46,79.67,2024-12-31,pillar3_verified,CA Group Risk Report Pillar 3 (Comparative 31.12.2024 in H1 2025 Report),2024-12-31,EU CR6 AIRB Retail Qualifying Revolving Sub-total - 31.12.2024 comparative,41,https://www.credit-agricole.com/en/pdfPreview/207696
Groupe Crédit Agricole,FR969500TJ5KRTCJQWXH,FR,other_retail,6.16,30.38,2024-12-31,pillar3_verified,CA Group Risk Report Pillar 3 (Comparative 31.12.2024 in H1 2025 Report),2024-12-31,EU CR6 AIRB Other Retail non-SME Sub-total - 31.12.2024 comparative,42,https://www.credit-agricole.com/en/pdfPreview/207696
Groupe Crédit Agricole,FR969500TJ5KRTCJQWXH,FR,bank,1.84,28.36,2024-12-31,pillar3_verified,CA Group Risk Report Pillar 3 (Comparative 31.12.2024 in H1 2025 Report),2024-12-31,EU CR6 AIRB Institutions Sub-total - 31.12.2024 comparative,40,https://www.credit-agricole.com/en/pdfPreview/207696
Groupe Crédit Agricole,FR969500TJ5KRTCJQWXH,FR,sovereign,0.06,8.26,2024-12-31,pillar3_verified,CA Group Risk Report Pillar 3 (Comparative 31.12.2024 in H1 2025 Report),2024-12-31,EU CR6 AIRB Central governments Sub-total - 31.12.2024 comparative,40,https://www.credit-agricole.com/en/pdfPreview/207696
BNP Paribas,R0MUWSFPU8MPRO8K5P83,FR,corporate,2.87,37.00,2024-12-31,pillar3_verified,BNP Paribas Group Universal Registration Document 2024 (Pillar 3 Chapter 5),2024-12-31,Table 39 IRBA EXPOSURE BY PD SCALE Corporate Portfolios - Corporates Other SUB-TOTAL,443,https://invest.bnpparibas/en/document/release-of-the-english-version-of-the-universal-registration-document-and-annual-financial-report-2024
BNP Paribas,R0MUWSFPU8MPRO8K5P83,FR,sme_corporate,3.78,25.00,2024-12-31,pillar3_verified,BNP Paribas Group URD 2024 Pillar 3,2024-12-31,Table 39 EU CR6 - Corporates SMEs SUB-TOTAL,442,https://invest.bnpparibas/en/document/release-of-the-english-version-of-the-universal-registration-document-and-annual-financial-report-2024
BNP Paribas,R0MUWSFPU8MPRO8K5P83,FR,mortgage,1.61,17.00,2024-12-31,pillar3_verified,BNP Paribas Group URD 2024 Pillar 3,2024-12-31,Table 41 IRBA Retail Guaranteed by Real Property - non-SME SUB-TOTAL,448,https://invest.bnpparibas/en/document/release-of-the-english-version-of-the-universal-registration-document-and-annual-financial-report-2024
BNP Paribas,R0MUWSFPU8MPRO8K5P83,FR,qrre,8.91,36.00,2024-12-31,pillar3_verified,BNP Paribas Group URD 2024 Pillar 3,2024-12-31,Table 42 IRBA Other Retail Portfolios - Retail Revolving exposures (QRRE) SUB-TOTAL,450,https://invest.bnpparibas/en/document/release-of-the-english-version-of-the-universal-registration-document-and-annual-financial-report-2024
BNP Paribas,R0MUWSFPU8MPRO8K5P83,FR,other_retail,6.70,36.00,2024-12-31,pillar3_verified,BNP Paribas Group URD 2024 Pillar 3,2024-12-31,Table 42 IRBA Other Retail Portfolios - Retail Other non-SME SUB-TOTAL,451,https://invest.bnpparibas/en/document/release-of-the-english-version-of-the-universal-registration-document-and-annual-financial-report-2024
BNP Paribas,R0MUWSFPU8MPRO8K5P83,FR,bank,0.79,26.00,2024-12-31,pillar3_verified,BNP Paribas Group URD 2024 Pillar 3,2024-12-31,Table 38 IRBA Central Bank/Govt/Institution - Institutions SUB-TOTAL,440,https://invest.bnpparibas/en/document/release-of-the-english-version-of-the-universal-registration-document-and-annual-financial-report-2024
BNP Paribas,R0MUWSFPU8MPRO8K5P83,FR,sovereign,0.08,3.00,2024-12-31,pillar3_verified,BNP Paribas Group URD 2024 Pillar 3,2024-12-31,Table 38 IRBA Central Bank + Central Government SUB-TOTAL,440,https://invest.bnpparibas/en/document/release-of-the-english-version-of-the-universal-registration-document-and-annual-financial-report-2024
Groupe BPCE,FR9695005MSX1OYEMGDF,FR,corporate,5.68,33.28,2024-12-31,pillar3_verified,Groupe BPCE Pillar III Risk Report 2024,2024-12-31,EU CR6 AIRB Corporates – Other Sub-total,155,https://www.groupebpce.com/app/uploads/2025/03/bpce-pillar-iii-2024.pdf
Groupe BPCE,FR9695005MSX1OYEMGDF,FR,sme_corporate,10.69,26.23,2024-12-31,pillar3_verified,Groupe BPCE Pillar III Risk Report 2024,2024-12-31,EU CR6 AIRB Corporates – SME Sub-total,154,https://www.groupebpce.com/app/uploads/2025/03/bpce-pillar-iii-2024.pdf
Groupe BPCE,FR9695005MSX1OYEMGDF,FR,mortgage,0.83,14.01,2024-12-31,country_proxy_pending_pillar3,EBA Risk Dashboard CR Parameters Annex Q4 2024,2024-12-31,FR country aggregate · BPCE Retail real estate sub-totals (Pillar 3 p.155-156) zeigen high PD likely incl. NPE - mapping zu sauberer Mortgage-Klasse unsicher,N/A,https://www.groupebpce.com/app/uploads/2025/03/bpce-pillar-iii-2024.pdf
Groupe BPCE,FR9695005MSX1OYEMGDF,FR,qrre,2.16,53.12,2024-12-31,country_proxy_pending_pillar3,EBA Risk Dashboard CR Parameters Annex Q4 2024,2024-12-31,FR country aggregate · BPCE Eligible Revolving sub-total nicht eindeutig isolierbar,N/A,https://www.groupebpce.com/app/uploads/2025/03/bpce-pillar-iii-2024.pdf
Groupe BPCE,FR9695005MSX1OYEMGDF,FR,other_retail,21.55,28.88,2024-12-31,pillar3_verified,Groupe BPCE Pillar III Risk Report 2024,2024-12-31,EU CR6 AIRB Retail – Other SMEs Sub-total (BPCE doesn't split non-SME cleanly),157,https://www.groupebpce.com/app/uploads/2025/03/bpce-pillar-iii-2024.pdf
Groupe BPCE,FR9695005MSX1OYEMGDF,FR,bank,0.41,40.42,2024-12-31,pillar3_verified,Groupe BPCE Pillar III Risk Report 2024,2024-12-31,EU CR6 AIRB Institutions Sub-total,153,https://www.groupebpce.com/app/uploads/2025/03/bpce-pillar-iii-2024.pdf
Groupe BPCE,FR9695005MSX1OYEMGDF,FR,sovereign,0.00,7.26,2024-12-31,pillar3_verified,Groupe BPCE Pillar III Risk Report 2024,2024-12-31,EU CR6 AIRB Central governments / Central banks Sub-total,153,https://www.groupebpce.com/app/uploads/2025/03/bpce-pillar-iii-2024.pdf
Crédit Mutuel,9695000CG7B84NLR5984,FR,corporate,2.59,45.00,2024-12-31,pillar3_verified,Groupe Crédit Mutuel Pilier 3 Bâle III Exercice 2024,2024-12-31,Sous-total Entreprises Grands Comptes,53,https://www.creditmutuel.com/partage/fr/CNCM/telechargements/presse-et-publications/publications/2025/2024-informations-relatives-au-pilier-3-de-bale-III-exercice-2024.pdf
Crédit Mutuel,9695000CG7B84NLR5984,FR,sme_corporate,5.69,25.00,2024-12-31,pillar3_verified,Groupe Crédit Mutuel Pilier 3 Bâle III Exercice 2024,2024-12-31,Sous-total Entreprises SME,50,https://www.creditmutuel.com/partage/fr/CNCM/telechargements/presse-et-publications/publications/2025/2024-informations-relatives-au-pilier-3-de-bale-III-exercice-2024.pdf
Crédit Mutuel,9695000CG7B84NLR5984,FR,mortgage,1.79,16.00,2024-12-31,pillar3_verified,Groupe Crédit Mutuel Pilier 3 Bâle III Exercice 2024,2024-12-31,Sous-total Retail Immobilier non-SME (1.77M obligors),50,https://www.creditmutuel.com/partage/fr/CNCM/telechargements/presse-et-publications/publications/2025/2024-informations-relatives-au-pilier-3-de-bale-III-exercice-2024.pdf
Crédit Mutuel,9695000CG7B84NLR5984,FR,qrre,2.16,53.12,2024-12-31,country_proxy_pending_pillar3,EBA Risk Dashboard CR Parameters Annex Q4 2024,2024-12-31,FR country aggregate · CM table class label not extractable,N/A,https://www.creditmutuel.com/partage/fr/CNCM/telechargements/presse-et-publications/publications/2025/2024-informations-relatives-au-pilier-3-de-bale-III-exercice-2024.pdf
Crédit Mutuel,9695000CG7B84NLR5984,FR,other_retail,2.59,19.00,2024-12-31,pillar3_verified,Groupe Crédit Mutuel Pilier 3 Bâle III Exercice 2024,2024-12-31,Sous-total Retail Autres (9.77M obligors),50,https://www.creditmutuel.com/partage/fr/CNCM/telechargements/presse-et-publications/publications/2025/2024-informations-relatives-au-pilier-3-de-bale-III-exercice-2024.pdf
Crédit Mutuel,9695000CG7B84NLR5984,FR,bank,0.20,45.00,2024-12-31,basel_default_pending_pillar3,Basel III F-IRB default,2024-12-31,CM table class label for Institutions not extractable,N/A,https://www.creditmutuel.com/partage/fr/CNCM/telechargements/presse-et-publications/publications/2025/2024-informations-relatives-au-pilier-3-de-bale-III-exercice-2024.pdf
Crédit Mutuel,9695000CG7B84NLR5984,FR,sovereign,0.12,34.00,2024-12-31,pillar3_verified,Groupe Crédit Mutuel Pilier 3 Bâle III Exercice 2024,2024-12-31,Sous-total Souverains (low PD low-EAD profile),53,https://www.creditmutuel.com/partage/fr/CNCM/telechargements/presse-et-publications/publications/2025/2024-informations-relatives-au-pilier-3-de-bale-III-exercice-2024.pdf
Banco Santander,5493006QMFDDMYWIAM13,ES,corporate,4.01,44.88,2024-12-31,pillar3_verified,Banco Santander Pillar 3 Disclosures 2025 (Comparative 31.12.2024),2024-12-31,Table 27 EU CR6 AIRB Corporates - Other Subtotal - 31.12.2024 comparative column,95,https://www.santander.com/en/shareholders-and-investors/financial-and-economic-information/pillar-3-disclosures-report
Banco Santander,5493006QMFDDMYWIAM13,ES,sme_corporate,7.68,42.53,2024-12-31,pillar3_verified,Banco Santander Pillar 3 Disclosures 2025 (Comparative 31.12.2024),2024-12-31,Table 27 EU CR6 AIRB Corporates SMEs Subtotal - 31.12.2024 comparative,96,https://www.santander.com/en/shareholders-and-investors/financial-and-economic-information/pillar-3-disclosures-report
Banco Santander,5493006QMFDDMYWIAM13,ES,mortgage,2.44,15.08,2024-12-31,pillar3_verified,Banco Santander Pillar 3 Disclosures 2025 (Comparative 31.12.2024),2024-12-31,Table 28 EU CR6 AIRB Retail Real Estate non-SME Subtotal - 31.12.2024 (2.2M obligors),97,https://www.santander.com/en/shareholders-and-investors/financial-and-economic-information/pillar-3-disclosures-report
Banco Santander,5493006QMFDDMYWIAM13,ES,qrre,4.20,83.56,2024-12-31,pillar3_verified,Banco Santander Pillar 3 Disclosures 2025 (Comparative 31.12.2024),2024-12-31,Table 28 EU CR6 AIRB Retail Qualifying Revolving Subtotal - 31.12.2024 (19.87M obligors high-LGD signature),99,https://www.santander.com/en/shareholders-and-investors/financial-and-economic-information/pillar-3-disclosures-report
Banco Santander,5493006QMFDDMYWIAM13,ES,other_retail,6.77,42.53,2024-12-31,pillar3_verified,Banco Santander Pillar 3 Disclosures 2025 (Comparative 31.12.2024),2024-12-31,Table 28 EU CR6 AIRB Other Retail non-SME Subtotal - 31.12.2024 (10.68M obligors),100,https://www.santander.com/en/shareholders-and-investors/financial-and-economic-information/pillar-3-disclosures-report
Banco Santander,5493006QMFDDMYWIAM13,ES,bank,1.02,15.80,2024-12-31,pillar3_verified,Banco Santander Pillar 3 Disclosures 2025 (Comparative 31.12.2024),2024-12-31,Table 27 EU CR6 AIRB Institutions Subtotal - 31.12.2024 comparative,94,https://www.santander.com/en/shareholders-and-investors/financial-and-economic-information/pillar-3-disclosures-report
Banco Santander,5493006QMFDDMYWIAM13,ES,sovereign,0.05,45.00,2024-12-31,basel_default_pending_pillar3,Basel III F-IRB default,2024-12-31,Santander reportet Sovereign-Exposures unter Standardised Approach (nicht IRB) - daher kein CR6-Eintrag verfügbar; F-IRB-Default fallback,N/A,https://www.santander.com/en/shareholders-and-investors/financial-and-economic-information/pillar-3-disclosures-report
