LEI,bank_name,vasicek_class,vintage_date,ead_eur_m,maturity_years,rwa_eur_m,density_pct,source
7LTWFZYICNSX8D621K86,Deutsche Bank,sovereign,2021-12-31,132063,1.30,16361,12.39,"Deutsche Bank Pillar 3 EU CR6 AIRB (Dec 31, 2021) col d=EAD, h=maturity, i=RWA"
7LTWFZYICNSX8D621K86,Deutsche Bank,bank,2021-12-31,19804,1.70,4381,22.12,"Deutsche Bank Pillar 3 EU CR6 AIRB (Dec 31, 2021) col d=EAD, h=maturity, i=RWA"
7LTWFZYICNSX8D621K86,Deutsche Bank,corporate,2021-12-31,276845,2.30,100227,36.20,"Deutsche Bank Pillar 3 EU CR6 AIRB (Dec 31, 2021) col d=EAD, h=maturity, i=RWA"
7LTWFZYICNSX8D621K86,Deutsche Bank,sme_corporate,2021-12-31,19141,2.90,7433,38.83,"Deutsche Bank Pillar 3 EU CR6 AIRB (Dec 31, 2021) col d=EAD, h=maturity, i=RWA"
7LTWFZYICNSX8D621K86,Deutsche Bank,mortgage,2021-12-31,176167,23.80,38979,22.13,"Deutsche Bank Pillar 3 EU CR6 AIRB (Dec 31, 2021) col d=EAD, h=maturity, i=RWA"
7LTWFZYICNSX8D621K86,Deutsche Bank,qrre,2021-12-31,10846,0.00,1078,9.94,"Deutsche Bank Pillar 3 EU CR6 AIRB (Dec 31, 2021) col d=EAD, h=maturity, i=RWA"
7LTWFZYICNSX8D621K86,Deutsche Bank,other_retail,2021-12-31,33384,7.40,17078,51.16,"Deutsche Bank Pillar 3 EU CR6 AIRB (Dec 31, 2021) col d=EAD, h=maturity, i=RWA"
7LTWFZYICNSX8D621K86,Deutsche Bank,sovereign,2022-12-31,131285,1.50,15887,12.10,"Deutsche Bank Pillar 3 EU CR6 AIRB (Dec 31, 2022) col d=EAD, h=maturity, i=RWA"
7LTWFZYICNSX8D621K86,Deutsche Bank,bank,2022-12-31,20682,2.00,3740,18.08,"Deutsche Bank Pillar 3 EU CR6 AIRB (Dec 31, 2022) col d=EAD, h=maturity, i=RWA"
7LTWFZYICNSX8D621K86,Deutsche Bank,corporate,2022-12-31,235327,2.30,97244,41.32,"Deutsche Bank Pillar 3 EU CR6 AIRB (Dec 31, 2022) col d=EAD, h=maturity, i=RWA"
7LTWFZYICNSX8D621K86,Deutsche Bank,sme_corporate,2022-12-31,21801,2.70,8926,40.94,"Deutsche Bank Pillar 3 EU CR6 AIRB (Dec 31, 2022) col d=EAD, h=maturity, i=RWA"
7LTWFZYICNSX8D621K86,Deutsche Bank,mortgage,2022-12-31,174324,24.90,34552,19.82,"Deutsche Bank Pillar 3 EU CR6 AIRB (Dec 31, 2022) col d=EAD, h=maturity, i=RWA"
7LTWFZYICNSX8D621K86,Deutsche Bank,qrre,2022-12-31,10422,0.00,1200,11.51,"Deutsche Bank Pillar 3 EU CR6 AIRB (Dec 31, 2022) col d=EAD, h=maturity, i=RWA"
7LTWFZYICNSX8D621K86,Deutsche Bank,other_retail,2022-12-31,32564,6.60,19703,60.51,"Deutsche Bank Pillar 3 EU CR6 AIRB (Dec 31, 2022) col d=EAD, h=maturity, i=RWA"
7LTWFZYICNSX8D621K86,Deutsche Bank,sovereign,2023-12-31,128836,1.30,16198,12.57,"Deutsche Bank Pillar 3 EU CR6 AIRB (Dec 31, 2023) col d=EAD, h=maturity, i=RWA"
7LTWFZYICNSX8D621K86,Deutsche Bank,bank,2023-12-31,17256,1.50,4652,26.96,"Deutsche Bank Pillar 3 EU CR6 AIRB (Dec 31, 2023) col d=EAD, h=maturity, i=RWA"
7LTWFZYICNSX8D621K86,Deutsche Bank,corporate,2023-12-31,230294,2.10,89841,39.01,"Deutsche Bank Pillar 3 EU CR6 AIRB (Dec 31, 2023) col d=EAD, h=maturity, i=RWA"
7LTWFZYICNSX8D621K86,Deutsche Bank,sme_corporate,2023-12-31,22881,2.80,9088,39.72,"Deutsche Bank Pillar 3 EU CR6 AIRB (Dec 31, 2023) col d=EAD, h=maturity, i=RWA"
7LTWFZYICNSX8D621K86,Deutsche Bank,mortgage,2023-12-31,166616,0.00,30897,18.54,"Deutsche Bank Pillar 3 EU CR6 AIRB (Dec 31, 2023) col d=EAD, h=maturity, i=RWA"
7LTWFZYICNSX8D621K86,Deutsche Bank,qrre,2023-12-31,7936,0.00,998,12.58,"Deutsche Bank Pillar 3 EU CR6 AIRB (Dec 31, 2023) col d=EAD, h=maturity, i=RWA"
7LTWFZYICNSX8D621K86,Deutsche Bank,other_retail,2023-12-31,29677,0.00,19515,65.76,"Deutsche Bank Pillar 3 EU CR6 AIRB (Dec 31, 2023) col d=EAD, h=maturity, i=RWA"
7LTWFZYICNSX8D621K86,Deutsche Bank,sovereign,2024-12-31,135860,1.50,17855,13.14,"Deutsche Bank Pillar 3 EU CR6 AIRB (Dec 31, 2024) col d=EAD, h=maturity, i=RWA"
7LTWFZYICNSX8D621K86,Deutsche Bank,bank,2024-12-31,16495,1.20,3251,19.71,"Deutsche Bank Pillar 3 EU CR6 AIRB (Dec 31, 2024) col d=EAD, h=maturity, i=RWA"
7LTWFZYICNSX8D621K86,Deutsche Bank,corporate,2024-12-31,237810,2.00,87951,36.98,"Deutsche Bank Pillar 3 EU CR6 AIRB (Dec 31, 2024) col d=EAD, h=maturity, i=RWA"
7LTWFZYICNSX8D621K86,Deutsche Bank,sme_corporate,2024-12-31,25888,2.50,8652,33.42,"Deutsche Bank Pillar 3 EU CR6 AIRB (Dec 31, 2024) col d=EAD, h=maturity, i=RWA"
7LTWFZYICNSX8D621K86,Deutsche Bank,mortgage,2024-12-31,166929,0.00,38316,22.95,"Deutsche Bank Pillar 3 EU CR6 AIRB (Dec 31, 2024) col d=EAD, h=maturity, i=RWA"
7LTWFZYICNSX8D621K86,Deutsche Bank,qrre,2024-12-31,9248,0.00,1431,15.47,"Deutsche Bank Pillar 3 EU CR6 AIRB (Dec 31, 2024) col d=EAD, h=maturity, i=RWA"
7LTWFZYICNSX8D621K86,Deutsche Bank,other_retail,2024-12-31,29688,0.00,18587,62.61,"Deutsche Bank Pillar 3 EU CR6 AIRB (Dec 31, 2024) col d=EAD, h=maturity, i=RWA"
